{
  "realism": {
    "count": 44,
    "accuracy": 0.9772727272727273,
    "precision": 1.0,
    "recall": 0.9473684210526315,
    "f1": 0.972972972972973,
    "auc": 1.0
  },
  "surrealism": {
    "count": 47,
    "accuracy": 0.9787234042553191,
    "precision": 0.9565217391304348,
    "recall": 1.0,
    "f1": 0.9777777777777777,
    "auc": 1.0
  },
  "impressionism": {
    "count": 35,
    "accuracy": 1.0,
    "precision": 1.0,
    "recall": 1.0,
    "f1": 1.0,
    "auc": 1.0
  },
  "renaissance": {
    "count": 39,
    "accuracy": 1.0,
    "precision": 1.0,
    "recall": 1.0,
    "f1": 1.0,
    "auc": 1.0
  },
  "baroque": {
    "count": 35,
    "accuracy": 1.0,
    "precision": 1.0,
    "recall": 1.0,
    "f1": 1.0,
    "auc": 1.0
  },
  "art_nouveau": {
    "count": 37,
    "accuracy": 1.0,
    "precision": 1.0,
    "recall": 1.0,
    "f1": 1.0,
    "auc": 1.0
  },
  "romanticism": {
    "count": 41,
    "accuracy": 1.0,
    "precision": 1.0,
    "recall": 1.0,
    "f1": 1.0,
    "auc": 1.0
  },
  "expressionism": {
    "count": 44,
    "accuracy": 1.0,
    "precision": 1.0,
    "recall": 1.0,
    "f1": 1.0,
    "auc": 1.0
  },
  "post_impressionism": {
    "count": 48,
    "accuracy": 1.0,
    "precision": 1.0,
    "recall": 1.0,
    "f1": 1.0,
    "auc": 1.0
  },
  "ukiyo_e": {
    "count": 25,
    "accuracy": 1.0,
    "precision": 0.0,
    "recall": 0.0,
    "f1": 0.0,
    "auc": 0.0
  },
  "general_art": {
    "count": 100,
    "accuracy": 0.97,
    "precision": 0.0,
    "recall": 0.0,
    "f1": 0.0,
    "auc": 0.0
  },
  "illustrations": {
    "count": 150,
    "accuracy": 0.64,
    "precision": 0.0,
    "recall": 0.0,
    "f1": 0.0,
    "auc": 0.0
  },
  "DALL-E_art": {
    "count": 54,
    "accuracy": 0.8148148148148148,
    "precision": 1.0,
    "recall": 0.8148148148148148,
    "f1": 0.8979591836734694,
    "auc": 0.0
  },
  "DALL-E_pixiv": {
    "count": 29,
    "accuracy": 0.9655172413793104,
    "precision": 1.0,
    "recall": 0.9655172413793104,
    "f1": 0.9824561403508771,
    "auc": 0.0
  },
  "ukiyo-e": {
    "count": 21,
    "accuracy": 1.0,
    "precision": 1.0,
    "recall": 1.0,
    "f1": 1.0,
    "auc": 0.0
  },
  "DreamStudio_art": {
    "count": 56,
    "accuracy": 0.8035714285714286,
    "precision": 1.0,
    "recall": 0.8035714285714286,
    "f1": 0.8910891089108911,
    "auc": 0.0
  },
  "DreamStudio_pixiv": {
    "count": 27,
    "accuracy": 0.7037037037037037,
    "precision": 1.0,
    "recall": 0.7037037037037037,
    "f1": 0.8260869565217391,
    "auc": 0.0
  },
  "Midjourney_art": {
    "count": 51,
    "accuracy": 0.8823529411764706,
    "precision": 1.0,
    "recall": 0.8823529411764706,
    "f1": 0.9375,
    "auc": 0.0
  },
  "Midjourney_pixiv": {
    "count": 33,
    "accuracy": 0.9696969696969697,
    "precision": 1.0,
    "recall": 0.9696969696969697,
    "f1": 0.9846153846153847,
    "auc": 0.0
  },
  "StarryAI_art": {
    "count": 44,
    "accuracy": 0.5909090909090909,
    "precision": 1.0,
    "recall": 0.5909090909090909,
    "f1": 0.7428571428571429,
    "auc": 0.0
  },
  "StarryAI_pixiv": {
    "count": 40,
    "accuracy": 1.0,
    "precision": 1.0,
    "recall": 1.0,
    "f1": 1.0,
    "auc": 0.0
  }
}