{
  "human": {
    "count": 500,
    "accuracy": 0.884,
    "precision": 0.0,
    "recall": 0.0,
    "f1": 0.0,
    "auc": 0.0
  },
  "dalle": {
    "count": 83,
    "accuracy": 0.8674698795180723,
    "precision": 1.0,
    "recall": 0.8674698795180723,
    "f1": 0.9290322580645162,
    "auc": 0.0
  },
  "stable_diffusion": {
    "count": 83,
    "accuracy": 1.0,
    "precision": 1.0,
    "recall": 1.0,
    "f1": 1.0,
    "auc": 0.0
  },
  "original_ldm": {
    "count": 83,
    "accuracy": 0.9879518072289156,
    "precision": 1.0,
    "recall": 0.9879518072289156,
    "f1": 0.9939393939393939,
    "auc": 0.0
  },
  "dreamstudio": {
    "count": 83,
    "accuracy": 0.7710843373493976,
    "precision": 1.0,
    "recall": 0.7710843373493976,
    "f1": 0.8707482993197279,
    "auc": 0.0
  },
  "midjourney": {
    "count": 84,
    "accuracy": 0.9166666666666666,
    "precision": 1.0,
    "recall": 0.9166666666666666,
    "f1": 0.9565217391304348,
    "auc": 0.0
  },
  "starryai": {
    "count": 84,
    "accuracy": 0.7857142857142857,
    "precision": 1.0,
    "recall": 0.7857142857142857,
    "f1": 0.88,
    "auc": 0.0
  }
}